Team,Player,Position,Position_Detail,Passes,Completed,xP,xP_Mean,xP_Rating,comp_pct
Argentina,Cristian David Pavón,Forward,Winger,66,43.0,49.24576985358664,0.746148028084646,0.8731714445290218,0.6515151515151515
Argentina,Eduardo Antonio Salvio,Midfield,Wide Midfield,96,76.0,76.91453084937632,0.8011930296810034,0.9881097779668283,0.7916666666666666
Argentina,Enzo Nicolás Pérez,Midfield,Midfield,111,102.0,97.03374531139063,0.8741778856882039,1.05118069670167,0.918918918918919
Argentina,Faustino Marcos Alberto Rojo,Defense,Center Back,158,138.0,131.38795009278155,0.8315693043846933,1.0503246294850421,0.8734177215189873
Argentina,Federico Julián Fazio,Defense,Center Back,27,21.0,23.979243262415892,0.8881201208302182,0.8757574111154108,0.7777777777777778
Argentina,Franco Armani,Goalkeeper,Goalkeeper,31,20.0,19.946513161352836,0.6434359084307366,1.0026815132155928,0.6451612903225806
Argentina,Gabriel Iván Mercado,Defense,Fullback,170,143.0,143.08982451971656,0.8417048501159797,0.999372250822041,0.8411764705882353
Argentina,Gonzalo Gerardo Higuaín,Forward,Forward,33,27.0,27.026762774099307,0.8189928113363426,0.9990097676764694,0.8181818181818182
Argentina,Javier Alejandro Mascherano,Midfield,Defensive Midfield,334,298.0,283.3818082286267,0.8484485276306188,1.0515847924845607,0.8922155688622755
Argentina,Lionel Andrés Messi Cuccittini,Midfield,Attacking Midfield,185,150.0,142.46106909990726,0.7700598329724717,1.0529192357443684,0.8108108108108109
Argentina,Lucas Rodrigo Biglia,Midfield,Midfield,49,44.0,44.16461408233058,0.9013186547414405,0.996272715481591,0.8979591836734694
Argentina,Marcos Javier Acuña,Midfield,Wide Midfield,37,21.0,27.96237829160135,0.7557399538270635,0.7510090801649537,0.5675675675675675
Argentina,Maximiliano Eduardo Meza,Midfield,Wide Midfield,104,83.0,87.04861962152407,0.8370059578992699,0.9534901341442641,0.7980769230769231
Argentina,Nicolás Alejandro Tagliafico,Defense,Fullback,210,176.0,175.7945109490654,0.8371167188050733,1.0011689161955355,0.8380952380952381
Argentina,Nicolás Hernán Otamendi,Defense,Center Back,294,251.0,251.52734739437273,0.8555351952189548,0.9979034192510848,0.8537414965986394
Argentina,Paulo Bruno Exequiel Dybala,Midfield,Wide Midfield,10,8.0,8.194547369120716,0.8194547369120716,0.976258924336221,0.8
Argentina,Sergio Leonel Agüero del Castillo,Forward,Forward,60,46.0,46.32144442741375,0.7720240737902292,0.9930605698637602,0.7666666666666667
Argentina,Wilfredo Daniel Caballero,Goalkeeper,Goalkeeper,46,30.0,29.332078078656735,0.6376538712751464,1.022771039936283,0.6521739130434783
Argentina,Ángel Fabián Di María Hernández,Forward,Winger,74,50.0,58.236968539174725,0.786986061340199,0.8585611726401264,0.6756756756756757
Argentina,Éver Maximiliano David Banega,Midfield,Midfield,202,176.0,167.21558309151274,0.8277999162946176,1.0525334825025237,0.8712871287128713
Australia,Aaron Mooy,Midfield,Midfield,184,155.0,157.4535738379708,0.8557259447715804,0.9844171600671594,0.842391304347826
Australia,Andrew Nabbout,Forward,Forward,18,12.0,14.365901637606237,0.7981056465336799,0.835311301908617,0.6666666666666666
Australia,Aziz Eraltay Behich,Defense,Fullback,162,128.0,130.26954936586256,0.8041330207769294,0.9825780516098316,0.7901234567901234
Australia,Daniel Arzani,Midfield,Wide Midfield,21,16.0,15.984075407777613,0.7611464479894101,1.000996278597049,0.7619047619047619
Australia,Jackson Irvine,Midfield,Attacking Midfield,15,9.0,10.780602324214783,0.7187068216143189,0.8348327606691053,0.6
Australia,Josh Risdon,Defense,Fullback,127,86.0,92.25328543401658,0.7264038223150912,0.932216122118608,0.6771653543307087
Australia,Mark Milligan,Defense,Center Back,245,225.0,207.09012670512922,0.8452658232862417,1.0864834725818302,0.9183673469387755
Australia,Mathew Leckie,Midfield,Wide Midfield,80,53.0,62.69602776252461,0.7837003470315576,0.8453486112509311,0.6625
Australia,Mathew Ryan,Goalkeeper,Goalkeeper,89,75.0,70.95605929840207,0.7972590932404726,1.056992182790075,0.8426966292134831
Australia,Mile Jedinak,Midfield,Midfield,171,149.0,145.62272643461978,0.851594891430525,1.0231919402147474,0.8713450292397661
Australia,Robbie Kruse,Midfield,Wide Midfield,50,35.0,39.01001841852186,0.7802003683704372,0.8972054210408188,0.7
Australia,Tim Cahill,Forward,Forward,7,4.0,5.3631106871162775,0.7661586695880397,0.7458358093576442,0.5714285714285714
Australia,Tom Rogić,Midfield,Attacking Midfield,62,51.0,51.333352286842995,0.8279572949490805,0.9935061266799746,0.8225806451612904
Australia,Tomi Jurić,Forward,Forward,17,8.0,11.928115038185693,0.701653825775629,0.6706843432000323,0.47058823529411764
Australia,Trent Sainsbury,Defense,Center Back,189,167.0,158.9319887393964,0.8409099933301396,1.0507639231384243,0.8835978835978836
Belgium,Adnan Januzaj,Forward,Winger,21,15.0,16.211026353187926,0.7719536358660917,0.9252961332118386,0.7142857142857143
Belgium,Anga Dedryck Boyata,Defense,Center Back,192,181.0,169.79941908554918,0.8843719744039019,1.0659635997270855,0.9427083333333334
Belgium,Axel Witsel,Midfield,Midfield,316,297.0,279.90949840952055,0.8857895519288626,1.0610572405995142,0.939873417721519
Belgium,Dries Mertens,Midfield,Attacking Midfield,128,94.0,97.40998427241614,0.7610155021282511,0.9649934829793237,0.734375
Belgium,Eden Hazard,Forward,Winger,260,210.0,208.6155991897922,0.8023676891915085,1.0066361327512634,0.8076923076923077
Belgium,Jan Vertonghen,Defense,Center Back,315,270.0,260.244371561825,0.8261726081327778,1.0374864147094816,0.8571428571428571
Belgium,Kevin De Bruyne,Midfield,Midfield,315,249.0,243.88293330156745,0.7742315342906904,1.0209816514389105,0.7904761904761904
Belgium,Leander Dendoncker,Defense,Center Back,68,62.0,58.70000934311893,0.8632354315164549,1.0562178898063141,0.9117647058823529
Belgium,Marouane Fellaini-Bakkioui,Midfield,Midfield,136,111.0,114.60095867092028,0.8426541078744139,0.9685782849228991,0.8161764705882353
Belgium,Michy Batshuayi Tunga,Forward,Forward,25,20.0,19.370075114583813,0.7748030045833525,1.0325205184641701,0.8
Belgium,Moussa Sidi Yaya Dembélé,Midfield,Midfield,110,106.0,100.00285738838022,0.9091168853489111,1.0599697125485998,0.9636363636363636
Belgium,Nacer Chadli,Defense,Fullback,169,142.0,138.14974336617882,0.8174541027584545,1.02787016855772,0.8402366863905325
Belgium,Romelu Lukaku Menama,Forward,Forward,90,68.0,72.12856908975988,0.8014285454417764,0.9427609733305244,0.7555555555555555
Belgium,Thibaut Courtois,Goalkeeper,Goalkeeper,149,111.0,99.01633033589574,0.6645391297711124,1.1210272045373904,0.7449664429530202
Belgium,Thomas Meunier,Defense,Wing Back,211,165.0,163.84748291617439,0.7765283550529591,1.0070340847678159,0.7819905213270142
Belgium,Thomas Vermaelen,Defense,Center Back,76,66.0,63.44456895741277,0.8347969599659575,1.0402781685584872,0.868421052631579
Belgium,Thorgan Hazard,Midfield,Wide Midfield,51,41.0,42.52712593885048,0.8338652144872644,0.9640905444434141,0.803921568627451
Belgium,Toby Albertine Maurits Alderweireld,Defense,Center Back,440,393.0,373.2054487651897,0.8481942017390676,1.0530392878783088,0.8931818181818182
Belgium,Vincent Kompany,Defense,Center Back,274,256.0,234.4816651201437,0.8557725004384806,1.0917697973051783,0.9343065693430657
Belgium,Yannick Ferreira Carrasco,Defense,Wing Back,81,62.0,62.98923479208461,0.7776448739763532,0.9842951768607782,0.7654320987654321
Belgium,Youri Tielemans,Midfield,Defensive Midfield,110,95.0,91.61260608979697,0.8328418735436088,1.0369751942967627,0.8636363636363636
Brazil,Alisson Ramsés Becker,Goalkeeper,Goalkeeper,47,40.0,35.28039882520265,0.7506467835149501,1.133774031245528,0.851063829787234
Brazil,Carlos Henrique Casimiro,Midfield,Defensive Midfield,255,214.0,216.72698534602557,0.8499097464550023,0.9874174167020703,0.8392156862745098
Brazil,Danilo Luiz da Silva,Defense,Fullback,53,50.0,45.20381089397985,0.8529020923392424,1.1061014328475323,0.9433962264150944
Brazil,Douglas Costa de Souza,Forward,Winger,49,41.0,37.46192139763869,0.7645290081150753,1.0944446646184123,0.8367346938775511
Brazil,Fernando Luiz Rosa,Midfield,Midfield,124,110.0,104.66190673023384,0.8440476349212406,1.0510032105905074,0.8870967741935484
Brazil,Filipe Luis Kasmirski,Defense,Fullback,114,99.0,91.65485719744157,0.8039899754161541,1.0801391549466455,0.868421052631579
Brazil,Fágner Conserva Lemos,Defense,Fullback,203,177.0,168.09803358474525,0.8280691309593362,1.0529569931629623,0.8719211822660099
Brazil,Gabriel Fernando de Jesus,Forward,Forward,91,64.0,68.48820133566052,0.7526175970951705,0.9344675250899953,0.7032967032967034
Brazil,José Paulo Bezzera Maciel Júnior,Midfield,Midfield,153,133.0,130.40506721765394,0.8523207007689799,1.0198990180191,0.869281045751634
Brazil,João Miranda de Souza Filho,Defense,Center Back,248,231.0,212.72838478223173,0.857775745089644,1.0858917592801391,0.9314516129032258
Brazil,Marcelo Vieira da Silva Júnior,Defense,Fullback,272,223.0,212.23487238365058,0.7802752661163624,1.050722708739823,0.8198529411764706
Brazil,Marcos Aoás Corrêa,Defense,Fullback,3,3.0,2.5134669140534402,0.83782230468448,1.1935705153810572,1.0
Brazil,Neymar da Silva Santos Junior,Forward,Winger,241,198.0,189.6826634589674,0.7870649936056738,1.0438486912265013,0.8215767634854771
Brazil,Philippe Coutinho Correia,Midfield,Midfield,321,287.0,269.0249850924403,0.8380840657085368,1.0668154108488594,0.8940809968847352
Brazil,Renato Soares de Oliveira Augusto,Midfield,Midfield,47,42.0,39.31383532337519,0.8364645813484083,1.0683261924085965,0.8936170212765957
Brazil,Roberto Firmino Barbosa de Oliveira,Forward,Forward,40,31.0,30.46462602702957,0.7616156506757392,1.0175736269500049,0.775
Brazil,Thiago Emiliano da Silva,Defense,Center Back,288,265.0,252.25477875249445,0.8758846484461613,1.0505251924682497,0.9201388888888888
Brazil,Willian Borges da Silva,Forward,Winger,181,143.0,143.88066483300148,0.7949208001823286,0.9938791995851309,0.7900552486187845
Colombia,Abel Enrique Aguilar Tapia,Midfield,Defensive Midfield,13,9.0,10.577801372014534,0.8136770286165026,0.8508384382988237,0.6923076923076923
Colombia,Andrés Mateus Uribe Villa,Midfield,Midfield,87,75.0,72.82155567285615,0.8370293755500707,1.0299148281990884,0.8620689655172413
Colombia,Carlos Alberto Sánchez Moreno,Midfield,Midfield,75,64.0,63.57256610395871,0.8476342147194494,1.0067235589537524,0.8533333333333334
Colombia,Carlos Arturo Bacca Ahumada,Forward,Forward,29,21.0,22.037571560106024,0.7599162606933112,0.9529180628057807,0.7241379310344828
Colombia,Cristian Eduardo Zapata Valencia,Defense,Fullback,1,1.0,0.788235294117647,0.788235294117647,1.2686567164179106,1.0
Colombia,David Ospina Ramírez,Goalkeeper,Goalkeeper,62,42.0,38.36238381300713,0.618748126016244,1.0948224751810003,0.6774193548387096
Colombia,Davinson Sánchez Mina,Defense,Center Back,202,157.0,158.86475444974278,0.7864591804442712,0.9882620002391236,0.7772277227722773
Colombia,James David Rodríguez Rubio,Forward,Winger,97,80.0,79.2807636360791,0.817327460165764,1.009072016097403,0.8247422680412371
Colombia,Jefferson Andrés Lerma Solís,Midfield,Midfield,89,74.0,73.72383826029105,0.8283577332616971,1.0037458947638338,0.8314606741573034
Colombia,Johan Andrés Mojica Palacio,Defense,Fullback,179,117.0,135.7820523485876,0.7585589516680872,0.8616750003132283,0.6536312849162011
Colombia,José Heriberto Izquierdo Mena,Midfield,Wide Midfield,25,19.0,22.039912967554734,0.8815965187021894,0.862072369703554,0.76
Colombia,Juan Fernando Quintero Paniagua,Midfield,Attacking Midfield,168,123.0,126.8105858283987,0.7548249156452304,0.9699505699504044,0.7321428571428571
Colombia,Juan Guillermo Cuadrado Bello,Forward,Winger,165,130.0,133.17703433460719,0.8071335414218618,0.9761442777992421,0.7878787878787878
Colombia,Luis Fernando Muriel Fruto,Midfield,Attacking Midfield,30,20.0,23.913648763995738,0.7971216254665247,0.8363424669058406,0.6666666666666666
Colombia,Miguel Ángel Borja Hernández,Forward,Forward,1,0.0,0.6268656716417911,0.6268656716417911,0.0,0.0
Colombia,Oscar Fabián Murillo Murillo,Defense,Center Back,44,32.0,36.04455622849016,0.8191944597384127,0.8877900950464946,0.7272727272727273
Colombia,Radamel Falcao García Zárate,Forward,Forward,97,71.0,81.34219640142757,0.8385793443446141,0.872855702710702,0.7319587628865979
Colombia,Santiago Arias Naranjo,Defense,Fullback,177,141.0,148.13865999033396,0.8369415818662935,0.9518109587949577,0.7966101694915254
Colombia,Wílmar Enrique Barrios Terán,Midfield,Defensive Midfield,124,101.0,104.68910056656291,0.8442669400529267,0.9647613691721677,0.8145161290322581
Colombia,Yerry Fernando Mina González,Defense,Center Back,150,134.0,129.2916465548786,0.8619443103658574,1.0364165324719792,0.8933333333333333
Costa Rica,Bryan Oviedo,Defense,Wing Back,55,42.0,39.97954671852993,0.726900849427817,1.0505371733125133,0.7636363636363637
Costa Rica,Bryan Ruiz González,Forward,Winger,118,92.0,96.94678811943444,0.8215829501646987,0.9489741927980099,0.7796610169491526
Costa Rica,Celso Borges Mora,Midfield,Midfield,124,97.0,101.79867822984629,0.8209570824987604,0.9528610949249107,0.782258064516129
Costa Rica,Christian Bolaños Navarro,Forward,Winger,30,21.0,21.674613173726694,0.7224871057908898,0.968875422674466,0.7
Costa Rica,Cristian Gamboa Luna,Defense,Wing Back,93,66.0,69.70764524545673,0.7495445725317929,0.9468114977575092,0.7096774193548387
Costa Rica,Daniel Colindres Solera,Forward,Winger,33,18.0,22.403452391628864,0.6788924967160261,0.8034475975107198,0.5454545454545454
Costa Rica,David Alberto Guzmán Pérez,Midfield,Midfield,116,90.0,93.11031993188084,0.8026751718265589,0.9665953254788907,0.7758620689655172
Costa Rica,Francisco Javier Calvo Quesada,Defense,Wing Back,45,35.0,34.889556989057255,0.7753234886457168,1.003165503390524,0.7777777777777778
Costa Rica,Giancarlo González Castro,Defense,Center Back,87,74.0,72.37898489810605,0.8319423551506443,1.0223962121626324,0.8505747126436781
Costa Rica,Ian Rey Smith Quiros,Defense,Wing Back,1,1.0,0.9905660377358491,0.9905660377358491,1.0095238095238095,1.0
Costa Rica,Joel Nathaniel Campbell Samuels,Forward,Forward,31,24.0,25.025000080711674,0.8072580671197315,0.9590409559478201,0.7741935483870968
Costa Rica,Johan Alberto Venegas Ulloa,Forward,Winger,43,27.0,33.71728067770399,0.7841228064582323,0.8007763217350478,0.627906976744186
Costa Rica,Johnny Acosta Zamora,Defense,Center Back,70,57.0,58.38148645774593,0.8340212351106562,0.9763369084693349,0.8142857142857143
Costa Rica,Kendall Jamaal Waston Manley,Defense,Center Back,37,34.0,30.870335933550084,0.8343334036094617,1.1013809526785414,0.918918918918919
Costa Rica,Keylor Navas Gamboa,Goalkeeper,Goalkeeper,54,35.0,28.80182589978919,0.5333671462923925,1.2152007349039693,0.6481481481481481
Costa Rica,Marcos Danilo Ureña Porras,Forward,Forward,17,11.0,14.602054266548658,0.8589443686205093,0.7533186631965558,0.6470588235294118
Costa Rica,Rodney Wallace,Forward,Winger,4,3.0,2.9542992821294707,0.7385748205323677,1.0154692241733845,0.75
Costa Rica,Rándall Azofeifa Corrales,Midfield,Midfield,2,1.0,1.1125541125541125,0.5562770562770563,0.8988326848249028,0.5
Costa Rica,Yeltsin Ignacio Tejeda Valverde,Midfield,Wide Midfield,5,3.0,4.063205352189645,0.8126410704379291,0.7383333452204949,0.6
Costa Rica,Óscar Esau Duarte Gaitán,Defense,Center Back,79,61.0,60.4885404380173,0.7656777270635101,1.0084554786456914,0.7721518987341772
Croatia,Andrej Kramarić,Midfield,Attacking Midfield,141,115.0,112.27443362014908,0.7962725788663055,1.024275930788234,0.8156028368794326
Croatia,Ante Rebić,Forward,Winger,131,66.0,89.23883936085232,0.6812125142049795,0.7395882832262962,0.5038167938931297
Croatia,Danijel Subašić,Goalkeeper,Goalkeeper,132,97.0,86.26930677636969,0.6535553543664371,1.1243859910854133,0.7348484848484849
Croatia,Dejan Lovren,Defense,Center Back,360,309.0,302.2651742134841,0.8396254839263447,1.0222811834146637,0.8583333333333333
Croatia,Domagoj Vida,Defense,Center Back,313,258.0,259.1764238044045,0.8280396926658291,0.9954609150510837,0.8242811501597445
Croatia,Duje Ćaleta-Car,Defense,Center Back,34,31.0,27.697148186478028,0.8146220054846479,1.1192488046525473,0.9117647058823529
Croatia,Filip Bradarić,Midfield,Midfield,11,10.0,9.584039609468464,0.8712763281334968,1.043401363880069,0.9090909090909091
Croatia,Ivan Perišić,Forward,Winger,201,126.0,150.4214071719011,0.7483652098104533,0.8376467310667264,0.6268656716417911
Croatia,Ivan Rakitić,Midfield,Midfield,401,327.0,325.54144201694464,0.8118240449300366,1.0044804064699677,0.8154613466334164
Croatia,Ivan Strinić,Defense,Fullback,250,174.0,192.73629632186865,0.7709451852874746,0.9027879196631489,0.696
Croatia,Josip Pivarić,Defense,Fullback,134,102.0,102.38766700247474,0.7640870671826473,0.996213733413172,0.7611940298507462
Croatia,Lovre Kalinić,Goalkeeper,Goalkeeper,8,4.0,4.728892407683392,0.591111550960424,0.8458640322416503,0.5
Croatia,Luka Modrić,Midfield,Midfield,467,395.0,380.24944254975236,0.8142386350101763,1.0387917924385062,0.8458244111349036
Croatia,Marcelo Brozović,Midfield,Defensive Midfield,367,313.0,313.5637387545134,0.8543971083229248,0.9982021557825769,0.8528610354223434
Croatia,Mario Mandžukić,Forward,Forward,155,100.0,122.38640528503663,0.7895897115163654,0.8170842159069961,0.6451612903225806
Croatia,Marko Pjaca,Forward,Winger,23,16.0,19.46384397892177,0.8462540860400769,0.822037004474917,0.6956521739130435
Croatia,Mateo Kovačić,Midfield,Midfield,123,115.0,106.98648198143508,0.8698087965970331,1.0749021546474953,0.9349593495934959
Croatia,Milan Badelj,Midfield,Defensive Midfield,73,65.0,59.11143806620904,0.8097457269343704,1.0996179779486221,0.8904109589041096
Croatia,Tin Jedvaj,Defense,Fullback,38,27.0,31.318807814457376,0.8241791530120363,0.8621017811392,0.7105263157894737
Croatia,Vedran Ćorluka,Defense,Center Back,63,56.0,52.85566296674481,0.8389787772499177,1.0594891229579981,0.8888888888888888
Croatia,Šime Vrsaljko,Defense,Fullback,320,240.0,246.98488152520596,0.7718277547662686,0.9717193964178203,0.75
Denmark,Andreas Christensen,Defense,Center Back,164,152.0,141.4176259777534,0.8623025974253257,1.0748306581239833,0.926829268292683
Denmark,Andreas Evald Cornelius,Forward,Forward,35,19.0,25.62173835431061,0.7320496672660175,0.7415578028804369,0.5428571428571428
Denmark,Christian Dannemann Eriksen,Midfield,Attacking Midfield,155,115.0,122.97376991778495,0.7933791607599029,0.9351587747280101,0.7419354838709677
Denmark,Henrik Dalsgaard,Defense,Fullback,149,99.0,116.37882810738206,0.7810659604522286,0.8506701915631362,0.6644295302013423
Denmark,Jens Stryger Larsen,Defense,Fullback,90,71.0,75.68401993540853,0.8409335548378726,0.9381108463925933,0.7888888888888889
Denmark,Jonas Knudsen,Defense,Fullback,37,23.0,27.29833439841663,0.7377928215788278,0.8425422468754745,0.6216216216216216
Denmark,Kasper Dolberg,Forward,Forward,5,4.0,3.8616509823245675,0.7723301964649135,1.035826390916393,0.8
Denmark,Kasper Schmeichel,Goalkeeper,Goalkeeper,79,44.0,38.76309538168868,0.4906720934390972,1.1351002691282799,0.5569620253164557
Denmark,Lasse Schöne,Midfield,Midfield,122,104.0,105.61043022173622,0.865659264112592,0.984751219947168,0.8524590163934426
Denmark,Martin Braithwaite Christensen,Forward,Winger,53,38.0,41.86051560961941,0.7898210492381021,0.907776682790494,0.7169811320754716
Denmark,Mathias Jattah-Njie Jørgensen,Defense,Center Back,100,86.0,82.05372417399549,0.8205372417399549,1.0480938051956838,0.86
Denmark,Michael Krohn-Dehli,Midfield,Midfield,11,11.0,9.35685789780737,0.8506234452552154,1.1756083206711598,1.0
Denmark,Nicolai Jørgensen,Forward,Forward,50,31.0,37.535398399721686,0.7507079679944337,0.8258870645217358,0.62
Denmark,Pione Sisto Ifolo Emirmija,Forward,Winger,87,71.0,68.91457891813587,0.7921215967601825,1.0302609566016707,0.8160919540229885
Denmark,Simon Thorup Kjær,Defense,Center Back,215,186.0,171.66995718512084,0.7984649171400969,1.0834743775198028,0.8651162790697674
Denmark,Thomas Delaney,Midfield,Midfield,185,149.0,149.61274492146282,0.8087175401160153,0.9959044604001853,0.8054054054054054
Denmark,Viktor Fischer,Midfield,Wide Midfield,8,8.0,7.137248471137439,0.8921560588921799,1.1208801308167247,1.0
Denmark,William Vitved Kvist Jørgensen,Midfield,Midfield,19,17.0,16.530102064844222,0.8700053718339064,1.028426801801493,0.8947368421052632
Denmark,Yussuf Yurary Poulsen,Forward,Winger,79,56.0,59.782650972835576,0.7567424173776656,0.9367266102910966,0.7088607594936709
Egypt,Abdalla Mahmoud El Said Bekhit,Midfield,Attacking Midfield,138,105.0,107.31476672679646,0.777643237150699,0.9784301191960895,0.7608695652173914
Egypt,Ahmed Fathy Abdel Meneim Ibrahim,Defense,Fullback,141,105.0,109.68866971039947,0.7779338277333295,0.9572547490750092,0.7446808510638298
Egypt,Ahmed Hegazi,Defense,Center Back,124,93.0,97.43131513781323,0.7857364124017195,0.9545185741201863,0.75
Egypt,Ali Gabr,Defense,Center Back,82,62.0,65.85590444801893,0.8031207859514504,0.9414493737450306,0.7560975609756098
Egypt,Amr Medhat Warda,Midfield,Wide Midfield,65,36.0,49.98353892186072,0.7689775218747803,0.720237117589429,0.5538461538461539
Egypt,Essam Kamal Tawfik El Hadary,Goalkeeper,Goalkeeper,9,7.0,6.712316176470588,0.745812908496732,1.0428590990004107,0.7777777777777778
Egypt,Mahmoud Abdul Monem Abdelhamid Soliman,Forward,Forward,20,13.0,13.029999721974027,0.6514999860987014,0.997697642163151,0.65
Egypt,Mahmoud Ibrahim Hassan,Forward,Winger,90,68.0,74.49977044746214,0.8277752271940237,0.9127544902699286,0.7555555555555555
Egypt,Marwan Mohsen,Forward,Forward,50,24.0,37.59368547903729,0.7518737095807458,0.6384050856993709,0.48
Egypt,Mohamed Abdul Shafy Sayed Abouezeid,Defense,Fullback,148,115.0,111.45821207119543,0.7530960275080772,1.0317768234658402,0.777027027027027
Egypt,Mohamed El Shenawy,Goalkeeper,Goalkeeper,19,12.0,11.153345833566549,0.5870182017666604,1.075910330323068,0.631578947368421
Egypt,Mohamed Naser Elsayed Elneny,Midfield,Midfield,110,96.0,92.94550835603138,0.8449591668730125,1.0328632517912353,0.8727272727272727
Egypt,Mohamed Salah Ghaly,Forward,Forward,39,30.0,29.565055185630534,0.7580783380930907,1.0147114494337512,0.7692307692307693
Egypt,Ramadan Sobhi,Forward,Winger,26,19.0,20.999065168549183,0.807656352636507,0.9048021827398663,0.7307692307692307
Egypt,Sam Morsy,Midfield,Midfield,24,24.0,21.37585409975227,0.8906605874896779,1.1227621543448942,1.0
Egypt,Tarek Hamed,Midfield,Midfield,142,118.0,120.85877056568746,0.8511181025752639,0.976346188594284,0.8309859154929577
England,Ashley Young,Midfield,Wide Midfield,181,148.0,148.50816091136426,0.8204870768583661,0.9965782290464997,0.8176795580110497
England,Bamidele Alli,Midfield,Midfield,152,114.0,123.89627498334389,0.8151070722588414,0.9201245155701873,0.75
England,Daniel Nii Tackie Mensah Welbeck,Forward,Forward,1,1.0,0.7608695652173914,0.7608695652173914,1.3142857142857143,1.0
England,Danny Rose,Midfield,Wide Midfield,79,64.0,57.99354655843673,0.7340955260561611,1.1035710660583746,0.810126582278481
England,Eric Jeremy Edgar Dier,Midfield,Defensive Midfield,193,171.0,165.25330982282946,0.8562347659213962,1.0347750382932217,0.8860103626943006
England,Fabian Delph,Midfield,Attacking Midfield,150,134.0,125.43999301171156,0.8362666200780771,1.0682398554302315,0.8933333333333333
England,Gary Cahill,Defense,Center Back,44,41.0,38.150702643929584,0.8670614237256724,1.0746853179262161,0.9318181818181818
England,Harry Kane,Forward,Forward,145,95.0,110.67305832780046,0.76326247122621,0.858384158126554,0.6551724137931034
England,Harry Maguire,Defense,Center Back,424,372.0,355.9729536328802,0.8395588529077364,1.0450232137120414,0.8773584905660378
England,Jamie Richard Vardy,Forward,Forward,23,12.0,16.321136504522357,0.7096146306314068,0.7352429162439128,0.5217391304347826
England,Jesse Lingard,Midfield,Midfield,221,201.0,187.6502480304396,0.8490961449341158,1.0711416697269427,0.9095022624434389
England,John Stones,Defense,Center Back,476,441.0,411.28858468860926,0.8640516485054817,1.0722398248273424,0.9264705882352942
England,Jordan Brian Henderson,Midfield,Defensive Midfield,296,230.0,241.42514460414606,0.8156254885275205,0.9526762441299171,0.777027027027027
England,Jordan Pickford,Goalkeeper,Goalkeeper,172,121.0,103.53654382369356,0.6019566501377532,1.1686694912865156,0.7034883720930233
England,Kieran Trippier,Midfield,Wide Midfield,293,212.0,225.9242076332233,0.771072381000762,0.938367792548249,0.7235494880546075
England,Kyle Walker,Defense,Center Back,378,340.0,314.45190374710944,0.8318833432463213,1.0812464353004427,0.8994708994708994
England,Marcus Rashford,Forward,Forward,81,65.0,65.43658919980356,0.8078591259235007,0.9933280568999328,0.8024691358024691
England,Phil Jones,Defense,Center Back,143,131.0,121.86676621691285,0.8522151483700199,1.0749444173059515,0.916083916083916
England,Raheem Shaquille Sterling,Forward,Forward,134,112.0,105.40710614315479,0.78662019509817,1.062546958151866,0.835820895522388
England,Ruben Loftus-Cheek,Midfield,Midfield,129,107.0,104.87484675936955,0.812983308212167,1.0202637077077836,0.8294573643410853
England,Trent Alexander-Arnold,Midfield,Wide Midfield,52,44.0,43.2120447996306,0.8310008615313577,1.0182346196303151,0.8461538461538461
France,Antoine Griezmann,Midfield,Attacking Midfield,213,155.0,171.10898449097735,0.8033285656853396,0.9058554140865305,0.7276995305164319
France,Benjamin Mendy,Defense,Fullback,33,24.0,25.218583059868607,0.764199486662685,0.9516791622679314,0.7272727272727273
France,Benjamin Pavard,Defense,Fullback,274,218.0,221.47877411836615,0.8083166938626501,0.9842929683342614,0.7956204379562044
France,Blaise Matuidi,Forward,Winger,120,92.0,96.63846369507125,0.8053205307922604,0.9520018891265981,0.7666666666666667
France,Corentin Tolisso,Forward,Winger,133,108.0,113.37273415113067,0.8524265725648923,0.9526099975328407,0.8120300751879699
France,Djibril Sidibé,Defense,Fullback,96,80.0,78.15848343084876,0.8141508690713413,1.0235613139907012,0.8333333333333334
France,Florian Thauvin,Forward,Winger,1,1.0,1.0,1.0,1.0,1.0
France,Hugo Lloris,Goalkeeper,Goalkeeper,88,61.0,47.08616967181656,0.5350701099070064,1.2954971794299837,0.6931818181818182
France,Kylian Mbappé Lottin,Forward,Winger,161,117.0,123.9298654246674,0.7697507169234,0.9440823614152972,0.7267080745341615
France,Lucas Hernández Pi,Defense,Fullback,218,166.0,177.31193708826004,0.8133575095791745,0.9362031836433589,0.7614678899082569
France,N'Golo Kanté,Midfield,Midfield,353,313.0,305.7693589718612,0.8662021500619298,1.0236473695482489,0.886685552407932
France,Nabil Fekir,Midfield,Attacking Midfield,37,26.0,28.345180251739514,0.7660859527497166,0.9172635266062352,0.7027027027027027
France,Olivier Giroud,Forward,Forward,132,87.0,104.62987741559756,0.7926505864817998,0.8315024555981233,0.6590909090909091
France,Ousmane Dembélé,Forward,Winger,66,52.0,52.030316475912805,0.7883381284229213,0.999417330549453,0.7878787878787878
France,Paul Labile Pogba,Midfield,Midfield,296,237.0,236.73584754797295,0.7997832687431519,1.001115810954543,0.8006756756756757
France,Presnel Kimpembe,Defense,Center Back,76,68.0,64.31499966999908,0.8462499956578826,1.0572961260811427,0.8947368421052632
France,Raphaël Varane,Defense,Center Back,324,277.0,271.53931785968103,0.8380843143817316,1.0201100974376787,0.8549382716049383
France,Samuel Yves Umtiti,Defense,Center Back,204,177.0,168.31579900202502,0.825077446088358,1.051594687186023,0.8676470588235294
France,Steve Mandanda,Goalkeeper,Goalkeeper,22,18.0,14.28881136399054,0.6494914256359337,1.259726896903551,0.8181818181818182
France,Steven N'Kemboanza Mike Christopher N'Zonzi,Midfield,Defensive Midfield,101,87.0,86.07496719539054,0.8522273979741638,1.0107468272687183,0.8613861386138614
France,Thomas Lemar,Forward,Winger,51,47.0,42.315614639571336,0.8297179341092419,1.1107011064432957,0.9215686274509803
Germany,Antonio Rüdiger,Defense,Center Back,86,80.0,75.71193432614461,0.8803713293737746,1.0566365885645408,0.9302325581395349
Germany,Ilkay Gündoğan,Midfield,Defensive Midfield,51,47.0,44.57912653073571,0.874100520210504,1.0543050897956736,0.9215686274509803
Germany,Jonas Hector,Defense,Fullback,92,76.0,76.41321253608882,0.8305783971314002,0.9945923941374187,0.8260869565217391
Germany,Joshua Kimmich,Defense,Fullback,242,195.0,186.41706192763903,0.7703184377175166,1.0460415907407263,0.8057851239669421
Germany,Julian Brandt,Defense,Fullback,22,20.0,17.205765659402754,0.7820802572455797,1.1624010460162364,0.9090909090909091
Germany,Julian Draxler,Forward,Winger,81,72.0,67.18512788490388,0.8294460232704183,1.0716657430993444,0.8888888888888888
Germany,Jérôme Boateng,Defense,Center Back,181,159.0,141.10496482414425,0.7795854410173715,1.1268207337577236,0.8784530386740331
Germany,Leon Goretzka,Forward,Winger,22,20.0,17.285256742999152,0.7856934883181433,1.1570554199665197,0.9090909090909091
Germany,Manuel Neuer,Goalkeeper,Goalkeeper,71,61.0,53.142810603863985,0.7484902901952674,1.147850467576977,0.8591549295774648
Germany,Marco Reus,Midfield,Attacking Midfield,119,97.0,89.66116389189621,0.7534551587554303,1.0818507789721776,0.8151260504201681
Germany,Mario Gómez García,Forward,Forward,11,5.0,7.641657393059621,0.6946961266417837,0.6543083185777404,0.45454545454545453
Germany,Marvin Plattenhardt,Defense,Fullback,24,20.0,18.20828781708483,0.7586786590452013,1.0984009150620964,0.8333333333333334
Germany,Mats Hummels,Defense,Center Back,105,96.0,87.66344310751569,0.8348899343572923,1.0950973016455658,0.9142857142857143
Germany,Mesut Özil,Midfield,Attacking Midfield,167,145.0,129.90608296042495,0.7778807362899698,1.1161909950296425,0.8682634730538922
Germany,Niklas Süle,Defense,Center Back,85,77.0,70.90223437953792,0.8341439338769167,1.0860024465212323,0.9058823529411765
Germany,Sami Khedira,Midfield,Midfield,99,82.0,83.31095486781193,0.8415247966445649,0.984264315900688,0.8282828282828283
Germany,Sebastian Rudy,Midfield,Defensive Midfield,17,17.0,14.380966502928949,0.845939206054644,1.1821180444678483,1.0
Germany,Thomas Müller,Forward,Winger,108,77.0,81.18655798924551,0.7517273887893103,0.9484328675468654,0.7129629629629629
Germany,Timo Werner,Forward,Forward,86,57.0,60.30828520865565,0.7012591303332052,0.9451437692647108,0.6627906976744186
Germany,Toni Kroos,Midfield,Midfield,295,276.0,237.4992009755517,0.8050820372052601,1.1621091728574346,0.9355932203389831
Iceland,Albert Gudmundsson,Forward,Forward,2,0.0,0.7179155900086133,0.35895779500430663,0.0,0.0
Iceland,Alfreð Finnbogason,Forward,Forward,50,36.0,41.82438360596877,0.8364876721193754,0.8607419140747942,0.72
Iceland,Ari Freyr Skúlason,Midfield,Wide Midfield,7,7.0,5.577363615382891,0.7967662307689845,1.255073271660708,1.0
Iceland,Arnór Ingvi Traustason,Forward,Winger,2,0.0,1.3205970149253732,0.6602985074626866,0.0,0.0
Iceland,Aron Einar Gunnarsson,Midfield,Defensive Midfield,75,55.0,56.92657737103757,0.7590210316138343,0.966156803025756,0.7333333333333333
Iceland,Birkir Bjarnason,Midfield,Wide Midfield,64,43.0,46.73669746083659,0.7302608978255717,0.9200478924731944,0.671875
Iceland,Birkir Már Sævarsson,Defense,Fullback,70,50.0,51.9235767699716,0.7417653824281658,0.9629536929150065,0.7142857142857143
Iceland,Björn Bergmann Sigurðarson,Forward,Forward,15,9.0,11.615820422037363,0.7743880281358242,0.7748053665607065,0.6
Iceland,Emil Hallfreðsson,Midfield,Defensive Midfield,61,52.0,51.4090945286277,0.8427720414529131,1.0114941816577463,0.8524590163934426
Iceland,Gylfi Þór Sigurðsson,Midfield,Defensive Midfield,87,66.0,65.74750326945669,0.7557184283845596,1.003840400288791,0.7586206896551724
Iceland,Hannes Þór Halldórsson,Goalkeeper,Goalkeeper,42,18.0,18.50240414577683,0.44053343204230544,0.9728465478421893,0.42857142857142855
Iceland,Hörður Björgvin Magnússon,Defense,Fullback,79,33.0,53.90950995433438,0.6823988601814479,0.6121368943615627,0.4177215189873418
Iceland,Johann Berg Guðmunds­son,Forward,Winger,45,33.0,34.5808425521454,0.7684631678254533,0.9542855975888499,0.7333333333333333
Iceland,Jón Daði Böðvarsson,Forward,Forward,18,14.0,13.246007353638515,0.7358892974243619,1.0569222578722466,0.7777777777777778
Iceland,Kári Árnason,Defense,Center Back,47,27.0,30.498722112998156,0.6489089811276203,0.8852829931681943,0.574468085106383
Iceland,Ragnar Sigurðsson,Defense,Center Back,51,33.0,37.343222634546926,0.7322200516577828,0.8836944878311351,0.6470588235294118
Iceland,Rúrik Gíslason,Midfield,Wide Midfield,34,25.0,27.060055903965367,0.795883997175452,0.9238709664430705,0.7352941176470589
Iceland,Sverrir Ingi Ingason,Defense,Center Back,46,33.0,36.734021022346276,0.7985656743988321,0.8983497880595546,0.717391304347826
Iran,Alireza Jahanbakhsh,Midfield,Wide Midfield,44,25.0,32.3193324574937,0.7345302831248568,0.7735308281159561,0.5681818181818182
Iran,Alireza Safar Beiranvand,Goalkeeper,Goalkeeper,25,13.0,12.165282914600574,0.48661131658402296,1.0686146874889044,0.52
Iran,Ehsan Hajsafi,Defense,Fullback,56,35.0,39.931831657697195,0.7130684224588785,0.8764937281121052,0.625
Iran,Karim Ansarifard,Midfield,Wide Midfield,33,18.0,25.03001294881203,0.7584852408730918,0.7191366635251506,0.5454545454545454
Iran,Masoud Shojaei Soleimani,Midfield,Midfield,14,8.0,11.2208803490121,0.8014914535008643,0.7129565373811627,0.5714285714285714
Iran,Mehdi Taremi,Midfield,Wide Midfield,43,21.0,32.69276054070792,0.7602967567606493,0.6423440435337819,0.4883720930232558
Iran,Milad Mohammadi,Defense,Fullback,14,7.0,9.752824217419189,0.6966303012442278,0.7177408147577947,0.5
Iran,Morteza Pouraliganji,Defense,Center Back,59,41.0,43.53050113607651,0.7378051040012967,0.9418683206020038,0.6949152542372882
Iran,Omid Ebrahimi,Midfield,Midfield,70,55.0,56.47579047191193,0.8067970067415989,0.9738686176929935,0.7857142857142857
Iran,Ramin Rezaeian,Defense,Fullback,68,36.0,42.89497284716602,0.6308084242230296,0.8392591861117927,0.5294117647058824
Iran,Roozbeh Cheshmi,Defense,Center Back,14,10.0,10.754346065867578,0.7681675761333985,0.9298566308683573,0.7142857142857143
Iran,Saeid Ezatolahi Afagh,Midfield,Defensive Midfield,44,30.0,32.36410511820761,0.7355478435956275,0.9269528661591945,0.6818181818181818
Iran,Saman Ghoddos,Midfield,Wide Midfield,5,2.0,3.2374358651321233,0.6474871730264247,0.6177728558395327,0.4
Iran,Sardar Azmoun,Forward,Forward,55,27.0,42.71076603156776,0.7765593823921411,0.6321591137008443,0.4909090909090909
Iran,Seyed Majid Hosseini,Defense,Center Back,39,28.0,30.129643411823835,0.7725549592775343,0.9293173376559746,0.717948717948718
Iran,Vahid Amiri,Midfield,Midfield,63,43.0,49.47185162805896,0.785267486159666,0.8691811319957081,0.6825396825396826
Japan,Eiji Kawashima,Goalkeeper,Goalkeeper,57,39.0,34.30744595395365,0.601885016736029,1.1367794633370418,0.6842105263157895
Japan,Gaku Shibasaki,Midfield,Defensive Midfield,229,184.0,191.24183454334397,0.8351171814119824,0.962132581709246,0.8034934497816594
Japan,Gen Shōji,Defense,Center Back,179,159.0,152.46597530265709,0.8517652251545088,1.0428556252263652,0.888268156424581
Japan,Genki Haraguchi,Forward,Winger,86,73.0,71.1921299990726,0.8278154651054954,1.0253942395170779,0.8488372093023255
Japan,Gotoku Sakai,Midfield,Wide Midfield,16,13.0,13.460973496773555,0.8413108435483472,0.9657548172957888,0.8125
Japan,Hiroki Sakai,Defense,Fullback,166,120.0,126.18429730295469,0.7601463692949078,0.9509899612302245,0.7228915662650602
Japan,Hotaru Yamaguchi,Midfield,Midfield,99,91.0,86.85802626323016,0.8773538006386885,1.047686712615565,0.9191919191919192
Japan,Keisuke Honda,Midfield,Attacking Midfield,34,26.0,27.337652060934243,0.8040485900274777,0.9510692411348025,0.7647058823529411
Japan,Makoto Hasebe,Midfield,Defensive Midfield,206,179.0,181.2968150420755,0.8800816264178423,0.9873311892349435,0.8689320388349514
Japan,Maya Yoshida,Defense,Center Back,286,246.0,237.6462653971352,0.8309309978920811,1.0351519708879275,0.8601398601398601
Japan,Shinji Kagawa,Midfield,Attacking Midfield,133,112.0,109.49981888899516,0.8233069089398133,1.022832741975029,0.8421052631578947
Japan,Shinji Okazaki,Forward,Forward,18,13.0,14.521463426276965,0.8067479681264981,0.8952265772660463,0.7222222222222222
Japan,Takashi Inui,Forward,Winger,125,104.0,104.44628241520952,0.8355702593216762,0.9957271584503563,0.832
Japan,Takashi Usami,Midfield,Wide Midfield,40,24.0,30.51843986832525,0.7629609967081312,0.7864097936706567,0.6
Japan,Tomoaki Makino,Defense,Center Back,87,77.0,73.97564652491899,0.850294787642747,1.0408830962235964,0.8850574712643678
Japan,Yoshinori Muto,Forward,Forward,15,13.0,11.897143673483908,0.7931429115655939,1.0926992525923775,0.8666666666666667
Japan,Yuto Nagatomo,Defense,Fullback,164,129.0,130.82068324160488,0.7976870929366151,0.9860826040921804,0.7865853658536586
Japan,Yūya Ōsako,Forward,Forward,77,51.0,61.624464169453226,0.8003177164864055,0.8275934028369257,0.6623376623376623
Mexico,Carlos Alberto Vela Garrido,Midfield,Attacking Midfield,109,89.0,86.56813011890311,0.79420302861379,1.0280919765479128,0.8165137614678899
Mexico,Carlos Joel Salcedo Hernández,Defense,Center Back,218,183.0,183.60998936716902,0.8422476576475643,0.9966777985812677,0.8394495412844036
Mexico,Edson Omar Álvarez Velázquez,Defense,Fullback,148,125.0,127.28669186460266,0.8600452153013693,0.982035106489883,0.8445945945945946
Mexico,Francisco Guillermo Ochoa Magaña,Goalkeeper,Goalkeeper,60,41.0,37.674555345233756,0.6279092557538959,1.0882676550338357,0.6833333333333333
Mexico,Giovani dos Santos Ramírez,Midfield,Midfield,3,3.0,2.9466666666666668,0.9822222222222222,1.0180995475113122,1.0
Mexico,Hirving Rodrigo Lozano Bahena,Forward,Winger,89,70.0,71.76131978673848,0.806306963895938,0.9754558612916707,0.7865168539325843
Mexico,Hugo Ayala Castro,Defense,Center Back,69,55.0,56.08969261206721,0.8128940958270611,0.9805723197735483,0.7971014492753623
Mexico,Héctor Alfredo Moreno Herrera,Defense,Center Back,141,121.0,118.05435975330589,0.8372649627894034,1.0249515583570952,0.8581560283687943
Mexico,Héctor Miguel Herrera López,Midfield,Defensive Midfield,209,177.0,171.86606057152483,0.822325648667583,1.0298717467043972,0.84688995215311
Mexico,Javier Hernández Balcázar,Forward,Forward,65,48.0,50.28100371180826,0.7735539032585886,0.9546348810997864,0.7384615384615385
Mexico,Jesús Daniel Gallardo Vasconcelos,Defense,Fullback,153,123.0,125.57636210167333,0.8207605366122439,0.9794837017209707,0.803921568627451
Mexico,Jesús Manuel Corona Ruíz,Forward,Winger,22,17.0,17.07437666055674,0.7761080300253064,0.9956439604188563,0.7727272727272727
Mexico,Jonathan dos Santos Ramírez,Midfield,Defensive Midfield,22,21.0,19.772018875651085,0.898728130711413,1.0621070176025957,0.9545454545454546
Mexico,José Andrés Guardado Hernández,Midfield,Defensive Midfield,123,109.0,103.52823743057787,0.8416929872404705,1.0528528516009101,0.8861788617886179
Mexico,Marco Jhonfai Fabián De La Mora,Midfield,Midfield,13,11.0,10.25033434401413,0.7884872572318561,1.0731357271700752,0.8461538461538461
Mexico,Miguel Arturo Layún Prado,Forward,Winger,104,77.0,81.76281470067963,0.786180910583458,0.9417484009312116,0.7403846153846154
Mexico,Oribe Peralta Morones,Forward,Forward,3,3.0,2.527454582567871,0.842484860855957,1.1869649491196899,1.0
Mexico,Rafael Márquez Álvarez,Midfield,Midfield,41,35.0,35.98302541441637,0.8776347662052773,0.9726808570681629,0.8536585365853658
Mexico,Raúl Alonso Jiménez Rodríguez,Forward,Forward,16,8.0,13.05551134880723,0.8159694593004518,0.6127680323092739,0.5
Morocco,Achraf Hakimi Mouh,Defense,Fullback,101,80.0,78.24743216917146,0.7747270511799155,1.0223977679809284,0.7920792079207921
Morocco,Amine Harit,Forward,Winger,30,22.0,22.99964101052643,0.766654700350881,0.9565366689824021,0.7333333333333333
Morocco,Ayoub El Kaabi,Forward,Forward,11,6.0,8.6084607793998,0.7825873435818,0.6969887130528731,0.5454545454545454
Morocco,Aziz Bouhaddouz,Forward,Forward,2,1.0,1.7580645161290323,0.8790322580645161,0.5688073394495413,0.5
Morocco,Fayçal Fajr,Midfield,Midfield,20,16.0,16.369622608413756,0.8184811304206878,0.9774202119831538,0.8
Morocco,Hakim Ziyech,Forward,Winger,111,82.0,85.1418728522414,0.7670438995697424,0.9630983821827136,0.7387387387387387
Morocco,Karim El Ahmadi Al Aroos,Midfield,Defensive Midfield,110,90.0,92.49862210450135,0.840896564586376,0.9729874667573047,0.8181818181818182
Morocco,Khalid Boutaïb,Forward,Forward,23,16.0,18.925901330076393,0.8228652752207127,0.8454022728404141,0.6956521739130435
Morocco,Manuel Marouan da Costa Trinidade,Defense,Center Back,82,56.0,61.67040712727891,0.7520781356985232,0.9080530291363895,0.6829268292682927
Morocco,Mbark Boussoufa,Midfield,Midfield,123,99.0,102.83309627280163,0.8360414331122084,0.9627250718714823,0.8048780487804879
Morocco,Medhi Amine El Mouttaqi Benatia,Defense,Center Back,126,102.0,104.68488710262838,0.8308324373224475,0.9743526770965876,0.8095238095238095
Morocco,Mehdi Carcela-González,Forward,Forward,7,4.0,5.568647146795287,0.7955210209707554,0.7183073185561718,0.5714285714285714
Morocco,Munir Mohand Mohamedi,Goalkeeper,Goalkeeper,41,25.0,24.078125651680864,0.5872713573580699,1.0382867986343771,0.6097560975609756
Morocco,Nabil Dirar,Defense,Fullback,76,65.0,59.957127239340444,0.78890956893869,1.0841079783647591,0.8552631578947368
Morocco,Nordin Amrabat,Midfield,Wide Midfield,83,60.0,62.66591920067253,0.755011074706898,0.957458228736172,0.7228915662650602
Morocco,Romain Saïss,Defense,Center Back,92,76.0,72.58829673894269,0.78900322542329,1.0470007344755201,0.8260869565217391
Morocco,Sofyan Amrabat,Defense,Wing Back,5,3.0,3.712244604241289,0.7424489208482579,0.8081364025884663,0.6
Morocco,Younès Belhanda,Midfield,Attacking Midfield,103,82.0,84.70197630860403,0.8223492845495537,0.9681001975826441,0.7961165048543689
Morocco,Youssef En-Nesyri,Forward,Forward,5,2.0,4.226228870307928,0.8452457740615855,0.4732351373706549,0.4
Nigeria,Abdullahi Shehu,Defense,Fullback,27,26.0,22.78349217640942,0.8438330435707193,1.1411771206400496,0.9629629629629629
Nigeria,Ahmed Musa,Forward,Forward,56,40.0,43.7763734310765,0.7817209541263661,0.9137348954448639,0.7142857142857143
Nigeria,Alex Iwobi,Midfield,Defensive Midfield,24,17.0,18.216356553251533,0.7590148563854805,0.9332272318179664,0.7083333333333334
Nigeria,Brian Oladapo Idowu,Defense,Fullback,81,60.0,62.282617263689176,0.7689212007862861,0.9633506528149718,0.7407407407407407
Nigeria,Francis Odinaka Uzoho,Goalkeeper,Goalkeeper,35,17.0,17.812518341077908,0.5089290954593688,0.9543849822063544,0.4857142857142857
Nigeria,John Michael Nchekwube Obinna,Midfield,Defensive Midfield,147,116.0,119.03724886664243,0.8097772031744382,0.9744848869109445,0.7891156462585034
Nigeria,Kelechi Promise Iheanacho,Forward,Forward,38,26.0,29.95372442635096,0.7882559059566042,0.8680055818743936,0.6842105263157895
Nigeria,Kenneth Josiah Omeruo,Defense,Center Back,73,50.0,54.352977169270886,0.7445613310859025,0.9199128107423729,0.684931506849315
Nigeria,Leon-Aderemi Balogun,Defense,Center Back,125,89.0,101.51971687901487,0.812157735032119,0.8766769917814574,0.712
Nigeria,Odion Jude Ighalo,Forward,Forward,14,11.0,12.112321922101197,0.8651658515786569,0.9081660866302144,0.7857142857142857
Nigeria,Oghenekaro Etebo,Midfield,Midfield,140,121.0,116.76479482468817,0.8340342487477727,1.0362712509508591,0.8642857142857143
Nigeria,Onyinye Wilfred Ndidi,Midfield,Midfield,164,131.0,135.40815760115942,0.8256594975680452,0.9674454059544662,0.7987804878048781
Nigeria,Simeon Tochukwu Nwankwo,Midfield,Attacking Midfield,1,1.0,1.0,1.0,1.0,1.0
Nigeria,Tyronne Ebuehi,Midfield,Wide Midfield,22,21.0,19.46036901948573,0.8845622281584422,1.0791162273938708,0.9545454545454546
Nigeria,Victor Moses,Midfield,Wide Midfield,88,62.0,66.09297173097073,0.7510564969428493,0.9380725117395078,0.7045454545454546
Nigeria,William Troost-Ekong,Defense,Center Back,114,84.0,88.30751158413368,0.7746272945976639,0.951221458889941,0.7368421052631579
Panama,Abdiel Arroyo Molinar,Forward,Winger,5,4.0,3.325456930689061,0.6650913861378122,1.2028422208947895,0.8
Panama,Adolfo Abdiel Machado,Defense,Fullback,25,16.0,18.545059737012632,0.7418023894805053,0.8627634651435958,0.64
Panama,Aníbal Cesis Godoy,Midfield,Midfield,103,92.0,86.82375235796891,0.8429490520191156,1.059617875310085,0.8932038834951457
Panama,Armando Enrique Cooper Whitaker,Midfield,Midfield,70,60.0,59.921056965273266,0.8560150995039038,1.00131745063797,0.8571428571428571
Panama,Blas Antonio Miguel Pérez Ortega,Forward,Forward,33,19.0,26.305118792382803,0.797124811890388,0.7222928795707186,0.5757575757575758
Panama,Edgar Yoel Bárcenas Herrera,Forward,Winger,61,51.0,48.27872801239874,0.7914545575803071,1.0563658592434828,0.8360655737704918
Panama,Erick Javier Davis Grajales,Defense,Fullback,102,82.0,79.28028194373212,0.7772576661150208,1.0343051007083723,0.803921568627451
Panama,Felipe Abdiel Baloy Ramírez,Defense,Center Back,16,16.0,13.193447653923544,0.8245904783702215,1.21272319561156,1.0
Panama,Fidel Escobar Mendieta,Defense,Center Back,81,68.0,63.02446168562377,0.7780797738965898,1.0789461453743947,0.8395061728395061
Panama,Gabriel Arturo Torres Tejada,Forward,Forward,14,10.0,11.258294508661287,0.8041638934758062,0.8882340031437933,0.7142857142857143
Panama,Gabriel Enrique Gómez Girón,Midfield,Defensive Midfield,111,101.0,93.08894668291889,0.8386391593055755,1.0849838095604183,0.9099099099099099
Panama,Harold Oshkaly Cummings Segura,Defense,Center Back,16,10.0,11.72204283236418,0.7326276770227612,0.853093623953525,0.625
Panama,Ismael Díaz De León,Forward,Winger,5,5.0,3.945652261674542,0.7891304523349084,1.267217602667801,1.0
Panama,Jaime Manuel Penedo Cano,Goalkeeper,Goalkeeper,21,13.0,10.696195044567599,0.5093426211698857,1.2153854661244665,0.6190476190476191
Panama,José Luis Rodriguez,Forward,Winger,64,51.0,52.574549319254935,0.8214773331133584,0.970051111428581,0.796875
Panama,Luis Carlos Ovalle Victoria,Defense,Fullback,26,13.0,19.385923631819296,0.7456124473776652,0.6705896632473218,0.5
Panama,Luis Carlos Tejada Hansell,Forward,Forward,21,16.0,15.735411648341609,0.7493053165876956,1.0168148350720954,0.7619047619047619
Panama,Michael Amir Murillo Bermudez,Defense,Fullback,78,61.0,60.58629688006156,0.7767473958982252,1.0068283282069115,0.782051282051282
Panama,Ricardo Guardia Avila,Midfield,Midfield,35,30.0,29.820935966351847,0.8520267418957671,1.0060046416333208,0.8571428571428571
Panama,Román Aureliano Torres Morcillo,Defense,Center Back,64,52.0,50.940263120710064,0.7959416112610948,1.020803521897379,0.8125
Peru,Alberto Junior Rodríguez Valdelomar,Defense,Center Back,56,49.0,46.341462362856596,0.8275261136224392,1.0573684450509326,0.875
Peru,Anderson Santamaría Bardales,Defense,Center Back,74,69.0,63.96070647182569,0.8643338712408877,1.0787873337577047,0.9324324324324325
Peru,André Martín Carrillo Díaz,Forward,Winger,105,77.0,80.62670262208445,0.7678733583055662,0.9550185918047074,0.7333333333333333
Peru,Christian Alberto Cueva Bravo,Midfield,Attacking Midfield,136,112.0,110.08289383326336,0.8094330428916423,1.0174151141924046,0.8235294117647058
Peru,Christian Guillermo Martín Ramos Garagay,Defense,Center Back,113,95.0,95.7761752303765,0.8475767719502345,0.9918959466849714,0.8407079646017699
Peru,Christopher Paolo César Hurtado Huertas,Midfield,Defensive Midfield,17,14.0,14.40937054252776,0.8476100319133977,0.9715899774164635,0.8235294117647058
Peru,Jefferson Agustín Farfán Guadalupe,Forward,Forward,32,27.0,25.6760062626218,0.8023751957069313,1.051565407946859,0.84375
Peru,José Paolo Guerrero González,Forward,Forward,46,28.0,35.218674014618,0.7656233481438697,0.7950327712047934,0.6086956521739131
Peru,Luis Jan Piers Advíncula Castrillón,Defense,Fullback,124,107.0,102.10722871541022,0.8234453928662114,1.047917971588738,0.8629032258064516
Peru,Miguel Ángel Trauco Saavedra,Defense,Fullback,167,128.0,125.0260452902476,0.748658953833818,1.0237866814298444,0.7664670658682635
Peru,Pedro David Gallese Quiróz,Goalkeeper,Goalkeeper,39,23.0,22.0739108325045,0.5659977136539615,1.0419540141537496,0.5897435897435898
Peru,Pedro Jesús Aquino Sánchez,Midfield,Defensive Midfield,103,87.0,88.51660375054684,0.8593845024324935,0.9828664489340231,0.8446601941747572
Peru,Raúl Mario Ruidíaz Misitich,Forward,Winger,3,3.0,2.5695275771127166,0.8565091923709055,1.1675297929166377,1.0
Peru,Renato Fabrizio Tapia Cortijo,Midfield,Midfield,45,35.0,35.888573903587904,0.7975238645241757,0.9752407575186745,0.7777777777777778
Peru,Víctor Yoshimar Yotún Flores,Midfield,Midfield,127,107.0,103.36888610858962,0.8139282370755089,1.0351277258380813,0.84251968503937
Peru,Wilder José Cartagena Mendoza,Midfield,Wide Midfield,4,3.0,3.0706367725471893,0.7676591931367973,0.9769960507283987,0.75
Peru,Édison Michael Flores Peralta,Midfield,Wide Midfield,104,77.0,84.61598948527742,0.813615283512283,0.9099934949457449,0.7403846153846154
Poland,Arkadiusz Milik,Midfield,Attacking Midfield,22,14.0,17.815016194403213,0.8097734633819642,0.7858539025296118,0.6363636363636364
Poland,Artur Jędrzejczyk,Defense,Fullback,38,30.0,31.35464299790557,0.8251221841554098,0.9567960956214344,0.7894736842105263
Poland,Bartosz Bereszyński,Defense,Fullback,65,55.0,52.82028183128138,0.812619720481252,1.0412666894826703,0.8461538461538461
Poland,Dawid Kownacki,Forward,Winger,24,18.0,20.205844336972568,0.8419101807071904,0.890831370360687,0.75
Poland,Grzegorz Krychowiak,Midfield,Midfield,174,145.0,144.9810843052809,0.8332246224441431,1.0001304700872513,0.8333333333333334
Poland,Jacek Góralski,Midfield,Midfield,66,55.0,56.88883270050267,0.8619520106136768,0.9667978298931421,0.8333333333333334
Poland,Jakub Błaszczykowski,Forward,Winger,10,6.0,8.535011004792967,0.8535011004792967,0.7029867913035622,0.6
Poland,Jan Bednarek,Defense,Center Back,169,146.0,139.95527584067176,0.8281377268678802,1.0431903986685696,0.863905325443787
Poland,Kamil Glik,Defense,Center Back,77,66.0,67.38128897690852,0.875081675024786,0.9795004073403539,0.8571428571428571
Poland,Kamil Grosicki,Forward,Winger,57,34.0,40.840618705842736,0.7165020825586444,0.8325045280260628,0.5964912280701754
Poland,Maciej Rybus,Midfield,Wide Midfield,62,51.0,49.063052268797556,0.7913395527225412,1.0394787450358909,0.8225806451612904
Poland,Michał Pazdan,Defense,Center Back,157,132.0,126.52449294221918,0.8058884900778291,1.0432762616190159,0.8407643312101911
Poland,Piotr Zieliński,Forward,Winger,152,117.0,117.44287880695661,0.7726505184668199,0.9962289854314234,0.7697368421052632
Poland,Rafał Kurzawa,Forward,Winger,30,20.0,23.871453464170628,0.7957151154723543,0.8378207900083919,0.6666666666666666
Poland,Robert Lewandowski,Forward,Forward,72,59.0,59.40529521244363,0.8250735446172727,0.9931774564709387,0.8194444444444444
Poland,Sławomir Peszko,Forward,Winger,11,9.0,9.452763903258752,0.8593421730235229,0.9521024847449469,0.8181818181818182
Poland,Thiago Rangel Cionek,Defense,Center Back,77,68.0,67.90720523819158,0.8819117563401504,1.001366493606723,0.8831168831168831
Poland,Wojciech Szczęsny,Goalkeeper,Goalkeeper,33,26.0,20.96918730638367,0.6354299183752627,1.2399145288804203,0.7878787878787878
Poland,Łukasz Fabiański,Goalkeeper,Goalkeeper,19,15.0,13.86751801901997,0.7298693694221037,1.081664359795803,0.7894736842105263
Poland,Łukasz Piszczek,Defense,Center Back,94,63.0,76.51126181349925,0.8139495937606303,0.8234081951695719,0.6702127659574468
Poland,Łukasz Teodorczyk,Midfield,Wide Midfield,8,6.0,6.0913998220479275,0.7614249777559909,0.9849952679649915,0.75
Portugal,Adrien Sebastian Perruchet Silva,Midfield,Defensive Midfield,158,143.0,135.3101201830683,0.8563931657156222,1.0568315201148861,0.9050632911392406
Portugal,André Miguel Valente Silva,Forward,Forward,30,23.0,24.54431145657416,0.8181437152191386,0.9370806771537884,0.7666666666666667
Portugal,Bernardo Mota Veiga de Carvalho e Silva,Midfield,Wide Midfield,126,101.0,100.87814570720113,0.8006202040254058,1.0012079354942998,0.8015873015873016
Portugal,Bruno Miguel Borges Fernandes,Midfield,Wide Midfield,33,25.0,27.270567690745306,0.8263808391134941,0.916739258364766,0.7575757575757576
Portugal,Cristiano Ronaldo dos Santos Aveiro,Forward,Forward,106,85.0,87.0991819284958,0.8216903955518471,0.9758989478199793,0.8018867924528302
Portugal,Cédric Ricardo Alves Soares,Defense,Fullback,42,28.0,31.723613018104004,0.7553241194786667,0.8826232996859779,0.6666666666666666
Portugal,Gelson Dany Batalha Martins,Midfield,Wide Midfield,9,8.0,8.096058802898677,0.899562089210964,0.9881351154633061,0.8888888888888888
Portugal,Gonçalo Manuel Ganchinho Guedes,Forward,Forward,61,50.0,50.97688521898868,0.8356866429342407,0.9808367024624566,0.819672131147541
Portugal,José Miguel da Rocha Fonte,Defense,Center Back,173,141.0,143.94137950668969,0.8320310954143912,0.979565434784839,0.815028901734104
Portugal,João Filipe Iria Santos Moutinho,Midfield,Midfield,79,70.0,68.05898356186664,0.8615061210362865,1.028519621313018,0.8860759493670886
Portugal,João Mário Naval da Costa Eduardo,Midfield,Wide Midfield,160,136.0,132.40005937842645,0.8275003711151653,1.027189871654696,0.85
Portugal,Kleper Laveran Lima Ferreira,Defense,Center Back,152,118.0,117.98860874168342,0.7762408469847594,1.0000965454075446,0.7763157894736842
Portugal,Manuel Henrique Tavares Fernandes,Midfield,Midfield,9,7.0,7.232673314120534,0.803630368235615,0.9678302469895494,0.7777777777777778
Portugal,Raphaël Adelino José Guerreiro,Defense,Fullback,219,171.0,172.11582182010696,0.7859169946123605,0.9935170293567015,0.7808219178082192
Portugal,Ricardo Andrade Quaresma Bernardo,Midfield,Wide Midfield,55,34.0,38.44251133987941,0.6989547516341711,0.8844375358154386,0.6181818181818182
Portugal,Ricardo Domingos Barbosa Pereira,Defense,Fullback,54,45.0,39.58333504183832,0.7330247229970058,1.1368420561945183,0.8333333333333334
Portugal,Rui Pedro dos Santos Patrício,Goalkeeper,Goalkeeper,58,41.0,35.02817286066327,0.6039340148390219,1.1704864014201297,0.7068965517241379
Portugal,Rúben Santos Gato Alves Dias,Defense,Fullback,96,70.0,71.17981663337316,0.7414564232643038,0.9834248430359119,0.7291666666666666
Portugal,William Silva de Carvalho,Midfield,Midfield,247,216.0,210.0414870454502,0.8503703928965595,1.0283682668522551,0.8744939271255061
Russia,Alan Dzagoev,Midfield,Attacking Midfield,17,12.0,11.667662655898113,0.6863330974057713,1.02848362640429,0.7058823529411765
Russia,Aleksandr Erokhin,Forward,Winger,16,8.0,10.487247349265052,0.6554529593290658,0.7628312495709983,0.5
Russia,Aleksandr Golovin,Midfield,Attacking Midfield,123,83.0,94.20324398997228,0.765880032438799,0.8810736922057075,0.6747967479674797
Russia,Aleksandr Samedov,Forward,Winger,137,106.0,106.53049182949852,0.7775948308722519,0.9950202817954923,0.7737226277372263
Russia,Aleksey Miranchuk,Midfield,Attacking Midfield,18,13.0,15.657584428266453,0.8698658015703585,0.8302685551247134,0.7222222222222222
Russia,Artem Dzyuba,Forward,Forward,104,69.0,83.29877596005728,0.8009497688467047,0.828343504508233,0.6634615384615384
Russia,Daler Kuzyaev,Midfield,Midfield,96,80.0,79.79293991190497,0.8311764574156767,1.0025949675287518,0.8333333333333334
Russia,Denis Cheryshev,Forward,Winger,84,50.0,65.06343674088998,0.7745647231058331,0.7684807705304757,0.5952380952380952
Russia,Fedor Kudryashov,Defense,Fullback,91,71.0,72.83645314200938,0.800400583978125,0.9747866203969482,0.7802197802197802
Russia,Fyodor Smolov,Forward,Forward,68,47.0,50.27010243225196,0.7392662122389995,0.934949358086966,0.6911764705882353
Russia,Igor Akinfeev,Goalkeeper,Goalkeeper,72,35.0,31.28455913444188,0.43450776575613725,1.11876276886599,0.4861111111111111
Russia,Igor Smolnikov,Defense,Fullback,11,8.0,7.943697005648087,0.7221542732407351,1.0070877570370422,0.7272727272727273
Russia,Ilya Kutepov,Defense,Center Back,160,115.0,124.3060301187507,0.7769126882421918,0.925136132898295,0.71875
Russia,Mário Figueira Fernandes,Defense,Fullback,206,145.0,148.7676498650249,0.7221730575972083,0.9746742664252392,0.7038834951456311
Russia,Roman Zobnin,Midfield,Midfield,202,141.0,157.28120719301842,0.7786198375892001,0.8964834548031042,0.698019801980198
Russia,Sergei Ignashevich,Defense,Center Back,152,104.0,112.44924609450732,0.7397976716743903,0.9248616919369456,0.6842105263157895
Russia,Vladimir Granat,Defense,Fullback,6,1.0,3.3215927750410508,0.5535987958401751,0.30106038510022987,0.16666666666666666
Russia,Yuri Zhirkov,Defense,Fullback,83,53.0,59.81740429633257,0.7206916180281032,0.8860297537726733,0.6385542168674698
Russia,Yury Gazinskiy,Midfield,Defensive Midfield,124,97.0,103.84562522882942,0.837464719587334,0.9340788288987165,0.782258064516129
Saudi Arabia,Abdullah Ibrahim Al Maiouf,Goalkeeper,Goalkeeper,24,10.0,12.52473049252886,0.5218637705220358,0.798420373673119,0.4166666666666667
Saudi Arabia,Abdullah Ibrahim Otayf,Midfield,Defensive Midfield,252,228.0,210.10483197297293,0.833749333226083,1.0851725677081479,0.9047619047619048
Saudi Arabia,Ali Albulayhi,Defense,Center Back,41,35.0,34.68433289819629,0.8459593389803973,1.009101143814132,0.8536585365853658
Saudi Arabia,Fahad Mosaed Al Muwallad Al Harbi,Forward,Forward,19,14.0,13.984471715926558,0.7360248271540294,1.0011103947570474,0.7368421052631579
Saudi Arabia,Hattan Babhir,Midfield,Wide Midfield,66,55.0,52.90262106527061,0.8015548646253122,1.0396460306218414,0.8333333333333334
Saudi Arabia,Hussain Al Mogahwi,Midfield,Midfield,107,100.0,91.01972489637373,0.8506516345455489,1.0986629559015955,0.9345794392523364
Saudi Arabia,Mohammad Ibrahim Al Sahlawi,Forward,Forward,13,10.0,10.692506967607008,0.8225005359697698,0.9352343683567418,0.7692307692307693
Saudi Arabia,Mohammed Al Burayk,Defense,Fullback,216,181.0,177.43319536101487,0.821449978523217,1.0201022397851085,0.8379629629629629
Saudi Arabia,Mohammed Kanoo,Forward,Winger,10,8.0,8.991474332679283,0.8991474332679283,0.8897317285246764,0.8
Saudi Arabia,Mohammed Khalil Al Owais,Goalkeeper,Goalkeeper,17,10.0,9.855944648170258,0.5797614498923681,1.014616087749284,0.5882352941176471
Saudi Arabia,Mohanad Aseri Abu Radiah,Forward,Forward,4,0.0,2.849244640648135,0.7123111601620338,0.0,0.0
Saudi Arabia,Motaz Ali Hassan Hawsawi,Defense,Center Back,29,25.0,23.98475996114587,0.8270606883153748,1.0423285469814487,0.8620689655172413
Saudi Arabia,Omar Ibrahim Omar Othman Hawsawi,Defense,Center Back,57,43.0,45.81175552260238,0.8037150091684628,0.9386237115227961,0.7543859649122807
Saudi Arabia,Osama Abdulrezag Hawsawi,Defense,Center Back,130,110.0,109.08319272827939,0.8391014825252261,1.0084046611470598,0.8461538461538461
Saudi Arabia,Salem Mohammed Al Dawsari,Midfield,Wide Midfield,163,149.0,134.683678360845,0.8262802353426073,1.1062958913313807,0.9141104294478528
Saudi Arabia,Salman Mohammed Al Faraj,Midfield,Midfield,250,216.0,204.10435172735353,0.8164174069094141,1.058282188360868,0.864
Saudi Arabia,Taisir Jabir Al Jassim,Midfield,Midfield,65,57.0,56.23148532524288,0.8650997742345058,1.0136669815906878,0.8769230769230769
Saudi Arabia,Yasir Gharsan Al Shahrani,Defense,Fullback,187,147.0,152.10524120403215,0.8133970117862682,0.9664361256481356,0.786096256684492
Saudi Arabia,Yasser Abdullah Al Mosailem,Goalkeeper,Goalkeeper,8,8.0,5.7714794025146245,0.7214349253143281,1.3861264057382605,1.0
Saudi Arabia,Yehya Sulaiman Al Shehri,Midfield,Wide Midfield,58,53.0,49.98243208006172,0.8617660703458917,1.0603725708085743,0.9137931034482759
Senegal,Alfred John Momar N'Diaye,Midfield,Midfield,47,38.0,38.38586600175296,0.8167205532287863,0.989947706227721,0.8085106382978723
Senegal,Cheikh N'Doye,Forward,Forward,16,8.0,11.106788159388268,0.6941742599617667,0.7202802363019606,0.5
Senegal,Cheikhou Kouyaté,Midfield,Midfield,41,32.0,35.50471208949752,0.86596858754872,0.9012888182091686,0.7804878048780488
Senegal,Diafra Sakho,Forward,Forward,2,1.0,1.0,0.5,1.0,0.5
Senegal,Idrissa Gana Gueye,Midfield,Midfield,140,123.0,116.47539328049432,0.8319670948606737,1.0560170396144808,0.8785714285714286
Senegal,Ismaïla Sarr,Forward,Winger,70,49.0,47.07330756103157,0.672475822300451,1.0409296167784776,0.7
Senegal,Kalidou Koulibaly,Defense,Center Back,113,88.0,84.1346145952471,0.7445541114623637,1.0459428669561084,0.7787610619469026
Senegal,Keita Baldé Diao,Forward,Winger,12,9.0,10.551531491682855,0.8792942909735713,0.8529567491784643,0.75
Senegal,Khadim N'Diaye,Goalkeeper,Goalkeeper,40,17.0,16.481783774704546,0.41204459436761365,1.0314417560853326,0.425
Senegal,Lamine Gassama,Defense,Fullback,23,20.0,17.932886265286022,0.7796907071863488,1.1152694387358848,0.8695652173913043
Senegal,M'Baye Babacar Niang,Forward,Forward,76,47.0,57.75985297291884,0.7599980654331426,0.8137139826522121,0.618421052631579
Senegal,Mame Biram Diouf,Forward,Forward,9,7.0,7.529339539898238,0.8365932822109153,0.9296964179801894,0.7777777777777778
Senegal,Moussa Wagué,Defense,Fullback,73,51.0,53.55794459067809,0.7336704738449054,0.9522396796548591,0.6986301369863014
Senegal,Papa Alioune N'Diaye,Midfield,Midfield,19,15.0,15.311280192018717,0.8058568522115115,0.9796698781476824,0.7894736842105263
Senegal,Pape Moussa Konaté,Forward,Forward,5,4.0,4.05147474954738,0.810294949909476,0.9872948117094569,0.8
Senegal,Sadio Mané,Forward,Winger,83,61.0,65.85588745499577,0.7934444271686237,0.9262649454338588,0.7349397590361446
Senegal,Salif Sané,Defense,Center Back,122,90.0,96.31795407371968,0.7894914268337678,0.9344052296949326,0.7377049180327869
Senegal,Youssouf Sabaly,Defense,Fullback,95,65.0,71.35596601725915,0.7511154317606227,0.9109259341297151,0.6842105263157895
Serbia,Adem Ljajić,Midfield,Attacking Midfield,69,56.0,56.14344265373441,0.8136730819381799,0.9974450684362358,0.8115942028985508
Serbia,Aleksandar Kolarov,Defense,Fullback,109,84.0,84.73551554865925,0.7773900509051307,0.9913198669542893,0.7706422018348624
Serbia,Aleksandar Mitrović,Forward,Forward,60,32.0,47.97412366929652,0.7995687278216086,0.6670262539986744,0.5333333333333333
Serbia,Aleksandar Prijović,Forward,Forward,3,2.0,2.492364060665042,0.8307880202216807,0.8024509868218596,0.6666666666666666
Serbia,Andrija Živković,Midfield,Attacking Midfield,13,10.0,7.847790334414178,0.6036761795703214,1.2742440322529947,0.7692307692307693
Serbia,Antonio Rukavina,Defense,Fullback,43,35.0,31.207080901078193,0.7257460674669347,1.1215403360200462,0.813953488372093
Serbia,Branislav Ivanović,Defense,Fullback,78,58.0,57.32290772816981,0.7349090734380744,1.0118118968256289,0.7435897435897436
Serbia,Dušan Tadić,Forward,Winger,81,54.0,57.60134480245536,0.7111277136105599,0.9374781124502176,0.6666666666666666
Serbia,Duško Tošić,Defense,Center Back,87,70.0,67.44529382939336,0.7752332624068202,1.0378781976555533,0.8045977011494253
Serbia,Filip Kostić,Forward,Winger,49,27.0,33.19702255338676,0.6774902561915666,0.8133259528495113,0.5510204081632653
Serbia,Luka Milivojević,Midfield,Midfield,72,61.0,61.56129296123007,0.8550179577948621,0.9908823721167851,0.8472222222222222
Serbia,Milos Veljkovic,Defense,Center Back,44,41.0,37.918873982531764,0.8617925905120856,1.081255736098272,0.9318181818181818
Serbia,Nemanja Matić,Midfield,Midfield,131,105.0,112.16340842257357,0.8562092245997982,0.9361341767041746,0.8015267175572519
Serbia,Nemanja Radonjić,Forward,Winger,11,7.0,7.11660482647538,0.6469640751341255,0.9836151044889293,0.6363636363636364
Serbia,Nikola Milenković,Defense,Center Back,116,104.0,99.45669080403809,0.8573852655520525,1.045681282568648,0.896551724137931
Serbia,Sergej Milinković-Savić,Midfield,Attacking Midfield,113,84.0,93.43885634212563,0.8268925340011117,0.8989836058398946,0.7433628318584071
Serbia,Vladimir Stojković,Goalkeeper,Goalkeeper,45,30.0,25.140565046415034,0.5586792232536675,1.193290602045474,0.6666666666666666
South Korea,Chul Hong,Defense,Fullback,31,18.0,20.279127141675396,0.6541653916669482,0.8876121676365651,0.5806451612903226
South Korea,Hee-Chan Hwang,Forward,Winger,34,16.0,21.076304853363812,0.6198913192165827,0.7591463547010886,0.47058823529411764
South Korea,Heung-Min Son,Forward,Forward,64,55.0,49.548772909752785,0.7741995767148873,1.1100173984162227,0.859375
South Korea,Hyun-Soo Jang,Defense,Center Back,93,78.0,75.6274486894052,0.8131983730043569,1.0313715635223746,0.8387096774193549
South Korea,Hyun-Woo Cho,Goalkeeper,Goalkeeper,38,24.0,21.71650859992884,0.57148706841918,1.1051500239812326,0.631578947368421
South Korea,Ja-Cheol Koo,Midfield,Midfield,24,21.0,18.87754020070908,0.786564175029545,1.1124330700252565,0.875
South Korea,Jae-Sung Lee,Midfield,Midfield,108,90.0,88.69537565883597,0.8212534783225552,1.014709045781397,0.8333333333333334
South Korea,Joo-Ho Park,Defense,Fullback,6,3.0,4.672877489707355,0.7788129149512258,0.6420027074555038,0.5
South Korea,Min-Woo Kim,Defense,Fullback,50,29.0,35.5488391548444,0.710976783096888,0.81577909966852,0.58
South Korea,Se-Jong Ju,Midfield,Defensive Midfield,40,28.0,31.249529633245068,0.7812382408311267,0.8960134865585936,0.7
South Korea,Seon-Min Moon,Forward,Winger,33,25.0,26.680722704546074,0.8085067486226083,0.9370061027522429,0.7575757575757576
South Korea,Seung-Woo Lee,Midfield,Wide Midfield,26,17.0,21.61172432050143,0.831220166173132,0.7866100708990337,0.6538461538461539
South Korea,Shin-Wook Kim,Forward,Forward,13,6.0,10.71516446190618,0.8242434201466293,0.5599540745576784,0.46153846153846156
South Korea,Sung-Yeung Ki,Midfield,Defensive Midfield,83,74.0,69.37461033932152,0.8358386787870062,1.0666726578795183,0.891566265060241
South Korea,Woo-Young Jung,Midfield,Midfield,59,50.0,47.880687956770466,0.8115370840130587,1.0442623557360533,0.847457627118644
South Korea,Yo-Han Ko,Midfield,Wide Midfield,3,3.0,2.807471264367816,0.935823754789272,1.068577277379734,1.0
South Korea,Yong Lee,Defense,Fullback,99,63.0,72.81795458931627,0.7355348948415785,0.8651712390894766,0.6363636363636364
South Korea,Young-Gwon Kim,Defense,Center Back,87,70.0,67.59764581678245,0.7769844346756603,1.0355390214287776,0.8045977011494253
South Korea,Young-Sun Yun,Defense,Center Back,12,12.0,10.63721949030079,0.8864349575250658,1.1281143545963133,1.0
Spain,Andrés Iniesta Luján,Midfield,Midfield,284,247.0,237.83161463318362,0.8374352627929,1.0385499017065376,0.8697183098591549
Spain,Daniel Carvajal Ramos,Defense,Fullback,161,139.0,133.97533346992864,0.8321449283846499,1.037504415178031,0.8633540372670807
Spain,David Josué Jiménez Silva,Forward,Winger,204,177.0,166.43255030346313,0.8158458348208977,1.0634938879279854,0.8676470588235294
Spain,David de Gea Quintana,Goalkeeper,Goalkeeper,49,41.0,36.38981827417099,0.7426493525341019,1.1266887812160704,0.8367346938775511
Spain,Diego da Silva Costa,Forward,Forward,59,48.0,47.77472338834008,0.8097410743786454,1.0047153933227146,0.8135593220338984
Spain,Francisco Román Alarcón Suárez,Midfield,Wide Midfield,445,393.0,367.31050481375513,0.8254168647500115,1.069939451362195,0.8831460674157303
Spain,Gerard Piqué Bernabéu,Defense,Center Back,350,319.0,304.04591069964334,0.868702601998981,1.0491836554089664,0.9114285714285715
Spain,Iago Aspas Juncal,Forward,Forward,25,18.0,20.296088596518224,0.811843543860729,0.8868703895531814,0.72
Spain,Jordi Alba Ramos,Defense,Fullback,382,343.0,325.2847389768585,0.8515307303059122,1.0544607812800029,0.8979057591623036
Spain,Jorge Resurrección Merodio,Midfield,Defensive Midfield,263,244.0,231.44025251528146,0.8800009601341501,1.0542677747203428,0.9277566539923955
Spain,José Ignacio Fernández Iglesias,Defense,Fullback,97,90.0,82.12823982762555,0.8466828848208819,1.095847179836023,0.9278350515463918
Spain,Lucas Vázquez Iglesias,Midfield,Wide Midfield,40,26.0,29.549430977652424,0.7387357744413106,0.8798815794342443,0.65
Spain,Marco Asensio Willemsen,Midfield,Wide Midfield,60,51.0,51.10474135450818,0.8517456892418029,0.9979504572035381,0.85
Spain,Rodrigo Moreno Machado,Midfield,Wide Midfield,10,7.0,7.9861849625238746,0.7986184962523875,0.8765136335870425,0.7
Spain,Sergio Busquets i Burgos,Midfield,Defensive Midfield,308,283.0,263.40210362676515,0.8552016351518349,1.0744029607333911,0.9188311688311688
Spain,Sergio Ramos García,Defense,Center Back,490,463.0,423.44117418833713,0.8641656616088513,1.0934222466378953,0.9448979591836735
Spain,Thiago Alcântara do Nascimento,Midfield,Wide Midfield,118,113.0,104.82908406378198,0.8883820683371354,1.0779451238097868,0.9576271186440678
Sweden,Albin Ekdal,Midfield,Midfield,166,132.0,139.48413493818705,0.8402658731216087,0.9463441850106918,0.7951807228915663
Sweden,Andreas Granqvist,Defense,Center Back,159,132.0,128.00392507233587,0.8050561325304143,1.0312183780724373,0.8301886792452831
Sweden,Emil Forsberg,Midfield,Wide Midfield,97,82.0,78.91104295466197,0.8135159067490925,1.039144800647392,0.845360824742268
Sweden,Emil Krafth,Defense,Fullback,43,25.0,29.950869721476316,0.6965318539878212,0.8347003019439436,0.5813953488372093
Sweden,Gustav Svensson,Midfield,Midfield,27,21.0,22.153122287128486,0.8204860106343884,0.947947640419135,0.7777777777777778
Sweden,Isaac Kiese Thelin,Forward,Forward,16,8.0,11.358985978607203,0.7099366236629502,0.7042882186021442,0.5
Sweden,Jakup Jimmy Durmaz,Midfield,Wide Midfield,4,3.0,2.9968617802493,0.749215445062325,1.0010471686653628,0.75
Sweden,John Guidetti,Forward,Forward,7,4.0,5.678225055072978,0.8111750078675682,0.7044454844963153,0.5714285714285714
Sweden,Ludwig Augustinsson,Defense,Fullback,140,84.0,96.95589719304638,0.6925421228074742,0.8663732937538577,0.6
Sweden,Marcus Berg,Forward,Forward,86,60.0,68.24233831240296,0.7935155617721275,0.8792195795713974,0.6976744186046512
Sweden,Martin Olsson,Forward,Winger,11,7.0,8.247237374816518,0.749748852256047,0.8487690704010729,0.6363636363636364
Sweden,Mikael Lustig,Defense,Fullback,106,62.0,80.12366929587847,0.7558836726026271,0.7738038028569075,0.5849056603773585
Sweden,Ola Toivonen,Forward,Forward,102,60.0,76.84045886773336,0.7533378320366015,0.7808386478180577,0.5882352941176471
Sweden,Oscar Hiljemark,Midfield,Midfield,9,5.0,7.120925655201599,0.7912139616890665,0.7021559052997086,0.5555555555555556
Sweden,Pontus Jansson,Defense,Center Back,58,52.0,50.19202530346818,0.8653797466115203,1.0360211544682756,0.896551724137931
Sweden,Robin Olsen,Goalkeeper,Goalkeeper,64,35.0,34.31257622630962,0.5361340035360879,1.0200341638341712,0.546875
Sweden,Sebastian Larsson,Midfield,Midfield,150,117.0,119.64931956575,0.7976621304383333,0.9778576294845192,0.78
Sweden,Victor Nilsson Lindelöf,Defense,Center Back,102,82.0,81.03438183864118,0.7944547239082469,1.0119161538528374,0.803921568627451
Sweden,Viktor Claesson,Midfield,Wide Midfield,133,94.0,104.10405547066193,0.7827372591779093,0.9029427295124981,0.706766917293233
Switzerland,Blerim Džemaili,Midfield,Attacking Midfield,92,72.0,74.05091270658141,0.8049012250715372,0.972304018524283,0.782608695652174
Switzerland,Breel-Donald Embolo,Forward,Winger,42,32.0,31.691165361203893,0.7545515562191403,1.009745133549875,0.7619047619047619
Switzerland,Denis Lemi Zakaria Lako Lado,Midfield,Midfield,26,23.0,23.475291240110018,0.9028958169273084,0.9797535529911581,0.8846153846153846
Switzerland,Fabian Lukas Schär,Defense,Center Back,208,172.0,169.74277939735907,0.8160710547949955,1.0132978887859312,0.8269230769230769
Switzerland,Granit Xhaka,Midfield,Midfield,336,301.0,281.1214973140858,0.8366711229585887,1.0707114286023625,0.8958333333333334
Switzerland,Haris Seferović,Forward,Forward,20,10.0,14.185993276530072,0.7092996638265036,0.70492067809904,0.5
Switzerland,Johan Danon Djourou-Gbadjere,Defense,Center Back,65,60.0,56.33417582683024,0.8666796281050806,1.0650728286935165,0.9230769230769231
Switzerland,Josip Drmic,Forward,Forward,19,14.0,16.222510973634062,0.8538163670333717,0.8629983374801694,0.7368421052631579
Switzerland,Manuel Obafemi Akanji,Defense,Center Back,299,267.0,252.68729953637353,0.8451080252052626,1.0566419463498449,0.8929765886287625
Switzerland,Mario Gavranović,Forward,Forward,16,12.0,12.432539736874666,0.7770337335546667,0.9652090605757919,0.75
Switzerland,Michael Lang,Defense,Fullback,56,47.0,47.2703337539111,0.8441131027484126,0.9942811118000888,0.8392857142857143
Switzerland,Ricardo Iván Rodríguez Araya,Defense,Fullback,178,138.0,135.9252418707243,0.7636249543299118,1.0152639649613349,0.7752808988764045
Switzerland,Stephan Lichtsteiner,Defense,Fullback,123,93.0,97.55204120076824,0.793106026022506,0.9533373044301569,0.7560975609756098
Switzerland,Steven Zuber,Forward,Winger,91,68.0,75.28685365582426,0.8273280621519149,0.9032121372857963,0.7472527472527473
Switzerland,Valon Behrami,Midfield,Midfield,225,210.0,200.2945241695648,0.8901978851980658,1.0484560218042644,0.9333333333333333
Switzerland,Xherdan Shaqiri,Forward,Winger,182,142.0,140.2458758384412,0.7705817353760506,1.0125074919392245,0.7802197802197802
Switzerland,Yann Sommer,Goalkeeper,Goalkeeper,84,64.0,59.05831488547668,0.7030751772080558,1.0836746717901793,0.7619047619047619
Tunisia,Ahmed Khalil,Midfield,Midfield,7,5.0,5.830410824812873,0.8329158321161246,0.8575725022190825,0.7142857142857143
Tunisia,Ali Maâloul,Defense,Fullback,99,83.0,81.42326525583951,0.8224572248064597,1.019364671009032,0.8383838383838383
Tunisia,Anice Badri,Midfield,Midfield,79,74.0,68.41893900456358,0.8660625190451087,1.0815718728854324,0.9367088607594937
Tunisia,Aymen Mathlouthi,Goalkeeper,Goalkeeper,21,18.0,15.82488516709196,0.7535659603377124,1.1374490121060226,0.8571428571428571
Tunisia,Dylan Bronn,Defense,Fullback,45,34.0,34.849807485726885,0.7744401663494863,0.9756151454760565,0.7555555555555555
Tunisia,Ellyes Skhiri,Midfield,Defensive Midfield,162,145.0,140.1982589469447,0.86542135152435,1.0342496482418688,0.8950617283950617
Tunisia,Fakhreddine Ben Youssef,Midfield,Wide Midfield,95,69.0,78.43438413391897,0.8256250961465155,0.8797162209138956,0.7263157894736842
Tunisia,Farouk Ben Mustapha,Goalkeeper,Goalkeeper,25,16.0,16.541114404691587,0.6616445761876635,0.9672867020049079,0.64
Tunisia,Ferjani Sassi,Midfield,Midfield,148,123.0,120.59237860798112,0.8148133689728454,1.0199649548322247,0.831081081081081
Tunisia,Ghilane Chalali,Midfield,Midfield,74,59.0,61.763693788753756,0.8346445106588345,0.9552537482909258,0.7972972972972973
Tunisia,Hamdi Nagguez,Defense,Fullback,86,65.0,68.29083504375103,0.7940794772529189,0.9518114686744901,0.7558139534883721
Tunisia,Mohamed Amine Ben Amor,Midfield,Wide Midfield,5,5.0,3.8888148031247534,0.7777629606249506,1.28573877984171,1.0
Tunisia,Mouez Hassen,Goalkeeper,Goalkeeper,4,2.0,2.7142857142857144,0.6785714285714286,0.7368421052631579,0.5
Tunisia,Naïm Sliti,Midfield,Wide Midfield,60,42.0,46.89671483004542,0.7816119138340903,0.8955851204547866,0.7
Tunisia,Oussama Haddadi,Defense,Fullback,34,27.0,28.058497548322052,0.825249927891825,0.962275330441371,0.7941176470588235
Tunisia,Rami Bedoui,Defense,Center Back,79,68.0,67.304009275646,0.851949484501848,1.0103409994715702,0.8607594936708861
Tunisia,Saîf-Eddine Khaoui,Midfield,Midfield,37,32.0,29.95578330597898,0.8096157650264589,1.0682411363822695,0.8648648648648649
Tunisia,Syam Ben Youssef,Defense,Center Back,41,34.0,33.4393025064707,0.815592744060261,1.0167676192833508,0.8292682926829268
Tunisia,Wahbi Khazri,Forward,Forward,66,51.0,52.580820467475476,0.7966790979920527,0.969935416499381,0.7727272727272727
Tunisia,Yassine Meriah,Defense,Center Back,182,161.0,149.51464489075715,0.821509037861303,1.0768175928025956,0.8846153846153846
Tunisia,Yohan Benalouane,Defense,Center Back,16,9.0,12.788402536017237,0.7992751585010773,0.7037626454635295,0.5625
Uruguay,Carlos Andrés Sánchez Arcosa,Forward,Winger,65,41.0,51.6086893879692,0.7939798367379877,0.7944398605394104,0.6307692307692307
Uruguay,Cristhian Ricardo Stuani Curbelo,Forward,Forward,19,6.0,13.822020342453705,0.7274747548659845,0.4340899413648867,0.3157894736842105
Uruguay,Cristian Gabriel Rodríguez Barrotti,Forward,Winger,82,56.0,63.1306328715665,0.7698857667264207,0.8870495582378666,0.6829268292682927
Uruguay,Diego Roberto Godín Leal,Defense,Center Back,206,173.0,169.71500430637062,0.8238592442056826,1.0193559532762306,0.8398058252427184
Uruguay,Diego Sebastián Laxalt Suárez,Defense,Fullback,101,70.0,76.48751773440928,0.7573021557862305,0.9151820071225719,0.693069306930693
Uruguay,Edinson Roberto Cavani Gómez,Forward,Forward,78,63.0,63.03996428228563,0.8082046702857132,0.9993660484624218,0.8076923076923077
Uruguay,Giorgian Daniel De Arrascaeta Benedetti,Forward,Winger,42,34.0,33.87211339722138,0.806478890410033,1.0037755719957264,0.8095238095238095
Uruguay,Guillermo Varela Olivera,Defense,Fullback,99,88.0,81.84051726837745,0.8266718915997723,1.0752620210283363,0.8888888888888888
Uruguay,Jonathan Matías Urretaviscaya da Luz,Forward,Winger,14,8.0,10.323374519895987,0.7373838942782848,0.7749404019569178,0.5714285714285714
Uruguay,José Martín Cáceres Silva,Defense,Fullback,212,150.0,165.61514404157626,0.7812035096300767,0.905714274307812,0.7075471698113207
Uruguay,José María Giménez de Vargas,Defense,Center Back,168,140.0,138.13185562298446,0.8222134263272884,1.0135243559032063,0.8333333333333334
Uruguay,Lucas Torreira Di Pascua,Midfield,Defensive Midfield,139,118.0,119.71984391947318,0.861293841147289,0.9856344289871444,0.8489208633093526
Uruguay,Luis Alberto Suárez Díaz,Forward,Forward,135,87.0,102.84764633318333,0.7618344172828395,0.8459114340658453,0.6444444444444445
Uruguay,Matías Vecino Falero,Midfield,Midfield,264,218.0,221.25739426234398,0.8380961903876666,0.9852778060900342,0.8257575757575758
Uruguay,Maximiliano Gómez González,Forward,Forward,4,3.0,2.7355518593068164,0.6838879648267041,1.0966708563003424,0.75
Uruguay,Nahitan Michel Nández Acosta,Midfield,Wide Midfield,133,100.0,104.5197965734308,0.7858631321310586,0.9567565502267755,0.7518796992481203
Uruguay,Néstor Fernando Muslera Micol,Goalkeeper,Goalkeeper,73,56.0,49.246301447703054,0.6746068691466172,1.1371412340370173,0.7671232876712328
Uruguay,Rodrigo Bentancur Colmán,Midfield,Midfield,227,195.0,192.89700440227867,0.8497665392170867,1.010902168254182,0.8590308370044053
Uruguay,Sebastián Coates Nión,Defense,Center Back,62,58.0,53.004787428148944,0.8549159262604669,1.0942407811487285,0.9354838709677419
